Site,a_MAR,b_MAR,a_OAR_mangr,b_OAR_mangr,c_OAR_mangr,a_OAR_saltm,b_OAR_saltm,c_OAR_saltm,a_AC,mangr_saltm_threshold
FrenchIsland,-14.08563383,14.08563383,-2.504745152,2.111099952,0.073910589,-27.28515984,46.29200971,-19.00684987,0.796694938,0.734329588
Kooweerup,-32.19209904,32.19209904,-8.674692576,8.606530988,-0.806256136,-107.3740539,182.1422061,-74.76815217,0.796694938,0.725902774
QuailIsland,-6.361287772,6.361287772,-0.886128189,0.530285245,0.072379441,-10.7665546,17.00920936,-6.24265476,0.796694938,0.596698891
RhyllInlet,-14.86556938,14.86556938,-12.08169569,9.248950644,-0.387997584,-17.47304402,28.53624734,-11.06320332,0.796694938,0.68442566
