Year,SLR
2000,0.003026422
2001,0.003026422
2002,0.003026422
2003,0.003026422
2004,0.003026422
2005,0.003026422
2006,0.003026422
2007,0.003026422
2008,0.003026422
2009,0.003026422
2010,0.003026422
2011,0.003026422
2012,0.003026422
2013,0.003026422
2014,0.003026422
2015,0.003026422
2016,0.003026422
2017,0.003026422
2018,0.003026422
2019,0.003026422
2020,0.003026422
2021,0.003026422
2022,0.003026422
2023,0.003026422
